TINA;31222;PARTIDO HUMANISTA DA SOLIDARIEDADE;PRP / PSL / PHS;111	
CONCEICAO OLIVEIRA;70707;PARTIDO TRABALHISTA DO BRASIL;PSDC / PT do B;111	
TILITO;15223;PARTIDO DO MOVIMENTO DEMOCRATICO BRASILEIRO;PMDB;109	
DANDÔ;54155;PARTIDO PATRIA LIVRE;PTB / PRTB / PPL;109	
RAIMUNDINHA BACELAR;25233;DEMOCRATAS;DEM;107	
CHICO SOARES;14014;PARTIDO TRABALHISTA BRASILEIRO;PTB / PRTB / PPL;107	
JOSUE MARTINS;13223;PARTIDO DOS TRABALHADORES;PT;107	
PORTELA;44333;PARTIDO REPUBLICANO PROGRESSISTA;PRP / PSL / PHS;106	
PAULO CESAR;70111;PARTIDO TRABALHISTA DO BRASIL;PSDC / PT do B;106	
MUNIZ;23345;PARTIDO POPULAR SOCIALISTA;PSC / PPS;104	
NEURIM;44654;PARTIDO REPUBLICANO PROGRESSISTA;PRP / PSL / PHS;103	
FERREIRINHA;23234;PARTIDO POPULAR SOCIALISTA;PSC / PPS;103	
ADRIANA CASTRO;70775;PARTIDO TRABALHISTA DO BRASIL;PSDC / PT do B;103	
VALDIR;25380;DEMOCRATAS;DEM;102	
ANTONIO JOSE MACHADO;25185;DEMOCRATAS;DEM;101	
RICARDO DEFENSOR;11175;PARTIDO PROGRESSISTA;PP / PDT;98	
ROSA HELENA;65789;PARTIDO COMUNISTA DO BRASIL;PC do B;95	
RENATO BARROS;54123;PARTIDO PATRIA LIVRE;PTB / PRTB / PPL;95	
ELIEL SANTOS;44258;PARTIDO REPUBLICANO PROGRESSISTA;PRP / PSL / PHS;94	
CARLOS FILHO;14114;PARTIDO TRABALHISTA BRASILEIRO;PTB / PRTB / PPL;7228	
LEVINO DE JESUS;10123;PARTIDO REPUBLICANO BRASILEIRO;PRB / PMN / PSB;6078	
EDSON MELO;45666;PARTIDO DA SOCIAL DEMOCRACIA BRASILEIRA;PSDB / PSD;5530	
TIAGO VASCONCELOS;40321;PARTIDO SOCIALISTA BRASILEIRO;PRB / PMN / PSB;5358	
JONINHA;45615;PARTIDO DA SOCIAL DEMOCRACIA BRASILEIRA;PSDB / PSD;5184	
INACIO CARVALHO;11456;PARTIDO PROGRESSISTA;PP / PDT;5091	
ANTONIO AGUIAR;14200;PARTIDO TRABALHISTA BRASILEIRO;PTB / PRTB / PPL;4947	
LUIZ LOBAO;15690;PARTIDO DO MOVIMENTO DEMOCRATICO BRASILEIRO;PMDB;4910	
ALUISIO SAMPAIO;12345;PARTIDO DEMOCRATICO TRABALHISTA;PP / PDT;4775	
PAULO ROBERTO DA ILUMINACAO;14789;PARTIDO TRABALHISTA BRASILEIRO;PTB / PRTB / PPL;4726	
SEBIM;45632;PARTIDO DA SOCIAL DEMOCRACIA BRASILEIRA;PSDB / PSD;4534	
SGT. R. SILVA;11111;PARTIDO PROGRESSISTA;PP / PDT;4509	
HUMBERTO MARIANO;11000;PARTIDO PROGRESSISTA;PP / PDT;4350	
VALDEMIR VIRGINO;36456;PARTIDO TRABALHISTA CRISTAO;PTN / PTC;4324	
FERREIRA;55123;PARTIDO SOCIAL DEMOCRATICO;PSDB / PSD;4314	
DELEGADO SAMUEL;15123;PARTIDO DO MOVIMENTO DEMOCRATICO BRASILEIRO;PMDB;4235	
DUDU;13456;PARTIDO DOS TRABALHADORES;PT;4154	
CEL. EDVALDO MARQUES;40190;PARTIDO SOCIALISTA BRASILEIRO;PRB / PMN / PSB;3998	
RENATO BERGER;45654;PARTIDO DA SOCIAL DEMOCRACIA BRASILEIRA;PSDB / PSD;3913	
PAIXAO;13000;PARTIDO DOS TRABALHADORES;PT;3911	
ROSARIO BEZERRA;13444;PARTIDO DOS TRABALHADORES;PT;3829	
CAIO BUCAR;40789;PARTIDO SOCIALISTA BRASILEIRO;PRB / PMN / PSB;3827	
PROF ZE NITO;15680;PARTIDO DO MOVIMENTO DEMOCRATICO BRASILEIRO;PMDB;3763	
JEOVA ALENCAR;36123;PARTIDO TRABALHISTA CRISTAO;PTN / PTC;3569	
BRUNO VILARINHO;14123;PARTIDO TRABALHISTA BRASILEIRO;PTB / PRTB / PPL;3477	
URBANO EULALIO;45611;PARTIDO DA SOCIAL DEMOCRACIA BRASILEIRA;PSDB / PSD;3377	
GRACA AMORIM;14741;PARTIDO TRABALHISTA BRASILEIRO;PTB / PRTB / PPL;9372	
EDVAN SILVA;36789;PARTIDO TRABALHISTA CRISTAO;PTN / PTC;3173	
PEDRO FERNANDES;36111;PARTIDO TRABALHISTA CRISTAO;PTN / PTC;3146	
JOAQUIM DO ARROZ;11223;PARTIDO PROGRESSISTA;PP / PDT;3121	
DR. PAULO HENRIQUE;15678;PARTIDO DO MOVIMENTO DEMOCRATICO BRASILEIRO;PMDB;2886	
GILVANA;13333;PARTIDO DOS TRABALHADORES;PT;2861	
QUEIROZ DO JUDÔ;14100;PARTIDO TRABALHISTA BRASILEIRO;PTB / PRTB / PPL;2832	
DECIO SOLANO;13131;PARTIDO DOS TRABALHADORES;PT;2821	
ANANIAS CARVALHO;43236;PARTIDO VERDE;PR / PV;2787	
CAPITAO EVANDRO;36190;PARTIDO TRABALHISTA CRISTAO;PTN / PTC;2688	
UBIRANI ROCHA;40456;PARTIDO SOCIALISTA BRASILEIRO;PRB / PMN / PSB;2648	
ANTONIO JOSE LIRA;25123;DEMOCRATAS;DEM;2635	
CHICO WILSON;45616;PARTIDO DA SOCIAL DEMOCRACIA BRASILEIRA;PSDB / PSD;2614	
LUIZ CARLOS;36963;PARTIDO TRABALHISTA CRISTAO;PTN / PTC;2508	
JUNIOR;13666;PARTIDO DOS TRABALHADORES;PT;2319	
RICARDO BANDEIRA;27145;PARTIDO SOCIAL DEMOCRATA CRISTAO;PSDC / PT do B;2318	
DR. PESSOA;55555;PARTIDO SOCIAL DEMOCRATICO;PSDB / PSD;9293	
PROFESSOR JULIMAR;40222;PARTIDO SOCIALISTA BRASILEIRO;PRB / PMN / PSB;2245	
TERESINHA MEDEIROS;23456;PARTIDO POPULAR SOCIALISTA;PSC / PPS;2240	
DR. URSULINO;28123;PARTIDO RENOVADOR TRABALHISTA BRASILEIRO;PTB / PRTB / PPL;2231	
SCHEYVAN;36656;PARTIDO TRABALHISTA CRISTAO;PTN / PTC;2197	
MIRANDA NETO;43800;PARTIDO VERDE;PR / PV;2163	
CASSIO;65123;PARTIDO COMUNISTA DO BRASIL;PC do B;2143	
SOCORRO DA MADRE TERESA;40007;PARTIDO SOCIALISTA BRASILEIRO;PRB / PMN / PSB;2069	
CIDA;31000;PARTIDO HUMANISTA DA SOLIDARIEDADE;PRP / PSL / PHS;2032	
LUIS ANDRE;23333;PARTIDO POPULAR SOCIALISTA;PSC / PPS;2008	
PROFESSOR GALBA;23777;PARTIDO POPULAR SOCIALISTA;PSC / PPS;2000	
RODRIGO MARTINS;40123;PARTIDO SOCIALISTA BRASILEIRO;PRB / PMN / PSB;7408	
DERCIA SANTANA;13147;PARTIDO DOS TRABALHADORES;PT;1889	
MONTELES;22222;PARTIDO DA REPUBLICA;PR / PV;1856	
PULIM;43001;PARTIDO VERDE;PR / PV;1812	
PAULO BRIZOLLA;36212;PARTIDO TRABALHISTA CRISTAO;PTN / PTC;1798	
WALKE PRADO;45644;PARTIDO DA SOCIAL DEMOCRACIA BRASILEIRA;PSDB / PSD;1785	
VALDEMAR DA PENHA;15111;PARTIDO DO MOVIMENTO DEMOCRATICO BRASILEIRO;PMDB;1768	
CELENE;70555;PARTIDO TRABALHISTA DO BRASIL;PSDC / PT do B;1736	
DR LAZARO CARVALHO;17222;PARTIDO SOCIAL LIBERAL;PRP / PSL / PHS;1721	
CLOVIS JUNIOR;45661;PARTIDO DA SOCIAL DEMOCRACIA BRASILEIRA;PSDB / PSD;1714	
TRAJANO DO ALTERNATIVO;40888;PARTIDO SOCIALISTA BRASILEIRO;PRB / PMN / PSB;1694	
CARLOS RIBEIRO;23888;PARTIDO POPULAR SOCIALISTA;PSC / PPS;1628	
PROFESSOR ELIELSON SANTANA;15000;PARTIDO DO MOVIMENTO DEMOCRATICO BRASILEIRO;PMDB;1623	
BOSCO CARVALHO;20000;PARTIDO SOCIAL CRISTAO;PSC / PPS;1572	
ALEXANDRE MARIANO;23500;PARTIDO POPULAR SOCIALISTA;PSC / PPS;1569	
IRMAO MARINHO;25800;DEMOCRATAS;DEM;1559	
CAIRO PRADO;70789;PARTIDO TRABALHISTA DO BRASIL;PSDC / PT do B;1553	
CELSO MOTOTAXI;36444;PARTIDO TRABALHISTA CRISTAO;PTN / PTC;1540	
ETIVALDO QUIRINO;70222;PARTIDO TRABALHISTA DO BRASIL;PSDC / PT do B;1536	
DEOLINDO;13111;PARTIDO DOS TRABALHADORES;PT;1521	
ARISTIDES PEREIRA;40605;PARTIDO SOCIALISTA BRASILEIRO;PRB / PMN / PSB;1490	
RAIMUNDO LIMA;70123;PARTIDO TRABALHISTA DO BRASIL;PSDC / PT do B;1488	
VICENTE SOBRINHO;13777;PARTIDO DOS TRABALHADORES;PT;1481	
ZE DA CRUZ;13234;PARTIDO DOS TRABALHADORES;PT;1453	
PASTOR SOARES;17144;PARTIDO SOCIAL LIBERAL;PRP / PSL / PHS;1348	
HUMBERTO COELHO;13678;PARTIDO DOS TRABALHADORES;PT;1342	
ENZO SAMUEL;65222;PARTIDO COMUNISTA DO BRASIL;PC do B;1314	
CAETANO;40555;PARTIDO SOCIALISTA BRASILEIRO;PRB / PMN / PSB;1314	
RONALDO CHAVES;43888;PARTIDO VERDE;PR / PV;1296	
NETO DO ANGELIM;25789;DEMOCRATAS;DEM;1250	
ZE PINGUELO;23123;PARTIDO POPULAR SOCIALISTA;PSC / PPS;1239	
PROF. HANDS;43456;PARTIDO VERDE;PR / PV;1214	
ROBERTO VIANA;27890;PARTIDO SOCIAL DEMOCRATA CRISTAO;PSDC / PT do B;1202	
TOURINHO;40111;PARTIDO SOCIALISTA BRASILEIRO;PRB / PMN / PSB;1188	
CHIMBA;40500;PARTIDO SOCIALISTA BRASILEIRO;PRB / PMN / PSB;1184	
ITALO RODRIGUES;19123;PARTIDO TRABALHISTA NACIONAL;PTN / PTC;1124	
J. FRANCO;36007;PARTIDO TRABALHISTA CRISTAO;PTN / PTC;1096	
ANSELMO DIAS;65655;PARTIDO COMUNISTA DO BRASIL;PC do B;1079	
MAURO EDUARDO;13654;PARTIDO DOS TRABALHADORES;PT;1079	
GONCALINHO;31123;PARTIDO HUMANISTA DA SOLIDARIEDADE;PRP / PSL / PHS;1043	
ERICO LUIZ;36223;PARTIDO TRABALHISTA CRISTAO;PTN / PTC;1030	
JOAQUIM JUNIOR;27133;PARTIDO SOCIAL DEMOCRATA CRISTAO;PSDC / PT do B;1024	
PROFESSOR LIBONATO;36234;PARTIDO TRABALHISTA CRISTAO;PTN / PTC;1023	
ANCHIETA ARAUJO;40963;PARTIDO SOCIALISTA BRASILEIRO;PRB / PMN / PSB;1004	
ARNALDO MOREIRA;15222;PARTIDO DO MOVIMENTO DEMOCRATICO BRASILEIRO;PMDB;1000	
NONATO;23222;PARTIDO POPULAR SOCIALISTA;PSC / PPS;999	
MONTEIRO;25225;DEMOCRATAS;DEM;996	
CAPITAO EDMAR;23453;PARTIDO POPULAR SOCIALISTA;PSC / PPS;985	
MERCEDES BACELAR;11999;PARTIDO PROGRESSISTA;PP / PDT;980	
MESSIAS JUINIOR;40333;PARTIDO SOCIALISTA BRASILEIRO;PRB / PMN / PSB;975	
EZEQUIAS AG.DE SAUDE;19999;PARTIDO TRABALHISTA NACIONAL;PTN / PTC;973	
PANTIKAO;27123;PARTIDO SOCIAL DEMOCRATA CRISTAO;PSDC / PT do B;960	
DR. RENATO RUBENS;36222;PARTIDO TRABALHISTA CRISTAO;PTN / PTC;958	
MAJOR SOBRINHO DO ZE DE FATIMA;25777;DEMOCRATAS;DEM;955	
FLORENTINO;43431;PARTIDO VERDE;PR / PV;949	
ISMAR TAVARES;43121;PARTIDO VERDE;PR / PV;899	
ANTONIO NASCIMENTO;25678;DEMOCRATAS;DEM;898	
EDMO;23114;PARTIDO POPULAR SOCIALISTA;PSC / PPS;885	
DOMINGOS MARQUES;40000;PARTIDO SOCIALISTA BRASILEIRO;PRB / PMN / PSB;873	
BRITO BOSON;23432;PARTIDO POPULAR SOCIALISTA;PSC / PPS;853	
CHICO DIMAS;43623;PARTIDO VERDE;PR / PV;849	
ODALY	ODALY MEDEIROS;11555;PARTIDO PROGRESSISTA;PP / PDT;836
ASSUNCAO AGUIAR;13713;PARTIDO DOS TRABALHADORES;PT;835	
MILTON CARVALHO;11222;PARTIDO PROGRESSISTA;PP / PDT;829	
PROF. JEAN;27007;PARTIDO SOCIAL DEMOCRATA CRISTAO;PSDC / PT do B;828	
CARLOS PARRELA;36555;PARTIDO TRABALHISTA CRISTAO;PTN / PTC;814	
ERNESTO;70888;PARTIDO TRABALHISTA DO BRASIL;PSDC / PT do B;810	
RENATO METALTETO;36333;PARTIDO TRABALHISTA CRISTAO;PTN / PTC;800	
VILMAR DA LIMPEZA;44145;PARTIDO REPUBLICANO PROGRESSISTA;PRP / PSL / PHS;786	
PROF: SUCUPIRA;43221;PARTIDO VERDE;PR / PV;784	
DARIO TORRES;23221;PARTIDO POPULAR SOCIALISTA;PSC / PPS;773	
RAIMUNDO FONSECA;11333;PARTIDO PROGRESSISTA;PP / PDT;770	
LAURINHA;14763;PARTIDO TRABALHISTA BRASILEIRO;PTB / PRTB / PPL;760	
DORINHA;70113;PARTIDO TRABALHISTA DO BRASIL;PSDC / PT do B;750	
CONSELHEIRA ANA AMELIA;23544;PARTIDO POPULAR SOCIALISTA;PSC / PPS;746	
FLORENCIO;23300;PARTIDO POPULAR SOCIALISTA;PSC / PPS;742	
RONYER;27233;PARTIDO SOCIAL DEMOCRATA CRISTAO;PSDC / PT do B;741	
IRMAO JONAS;17000;PARTIDO SOCIAL LIBERAL;PRP / PSL / PHS;741	
JACINTO TELES;36678;PARTIDO TRABALHISTA CRISTAO;PTN / PTC;733	
PAULO SILVA;36500;PARTIDO TRABALHISTA CRISTAO;PTN / PTC;727	
FLAVIANO CAMPOS;13999;PARTIDO DOS TRABALHADORES;PT;724	
JC;27456;PARTIDO SOCIAL DEMOCRATA CRISTAO;PSDC / PT do B;722	
ISAIAS ARAUJO;36322;PARTIDO TRABALHISTA CRISTAO;PTN / PTC;710	
MARIAZINHA - MARIOLA;11112;PARTIDO PROGRESSISTA;PP / PDT;701	
CORTEZ;27773;PARTIDO SOCIAL DEMOCRATA CRISTAO;PSDC / PT do B;700	
RIBAMAR TORRES;40444;PARTIDO SOCIALISTA BRASILEIRO;PRB / PMN / PSB;688	
FONTENELE;43777;PARTIDO VERDE;PR / PV;673	
FABRICIO SOUSA;14333;PARTIDO TRABALHISTA BRASILEIRO;PTB / PRTB / PPL;670	
LESSA;23789;PARTIDO POPULAR SOCIALISTA;PSC / PPS;664	
PROFESSOR CLEMILTON;15510;PARTIDO DO MOVIMENTO DEMOCRATICO BRASILEIRO;PMDB;656	
PROFESSORA ROSARIO BORGES;23111;PARTIDO POPULAR SOCIALISTA;PSC / PPS;650	
DILSON REZENDE;27111;PARTIDO SOCIAL DEMOCRATA CRISTAO;PSDC / PT do B;650	
NILSON SANTOS;23120;PARTIDO POPULAR SOCIALISTA;PSC / PPS;641	
FATINHA;65555;PARTIDO COMUNISTA DO BRASIL;PC do B;638	
NEWTON BANDEIRA;23555;PARTIDO POPULAR SOCIALISTA;PSC / PPS;635	
JOSE MOURA;40852;PARTIDO SOCIALISTA BRASILEIRO;PRB / PMN / PSB;633	
ROBERT DIAS;36777;PARTIDO TRABALHISTA CRISTAO;PTN / PTC;628	
DR. MARCUS SABRY;12222;PARTIDO DEMOCRATICO TRABALHISTA;PP / PDT;623	
ANCHIETA;25001;DEMOCRATAS;DEM;620	
LUIS GONZAGA;27369;PARTIDO SOCIAL DEMOCRATA CRISTAO;PSDC / PT do B;616	
ANTONIO JOSE (O BICUDO);11114;PARTIDO PROGRESSISTA;PP / PDT;614	
MARCONI LOBINHO;23223;PARTIDO POPULAR SOCIALISTA;PSC / PPS;612	
DR. FONSECA JUNIOR;36987;PARTIDO TRABALHISTA CRISTAO;PTN / PTC;609	
MARCOS OLIVEIRA;17300;PARTIDO SOCIAL LIBERAL;PRP / PSL / PHS;597	
PROFESSOR WHILAMI CABRAL;36236;PARTIDO TRABALHISTA CRISTAO;PTN / PTC;589	
PROFESSOR KLEBER IBIAPINA;65001;PARTIDO COMUNISTA DO BRASIL;PC do B;587	
CHIQUIM BRANDAO;43321;PARTIDO VERDE;PR / PV;577	
CAIQUE MENDES;23545;PARTIDO POPULAR SOCIALISTA;PSC / PPS;569	
MAJOR PAULO ROBERTO;55333;PARTIDO SOCIAL DEMOCRATICO;PSDB / PSD;7392	
SOLDADO IVO;27190;PARTIDO SOCIAL DEMOCRATA CRISTAO;PSDC / PT do B;568	
RILDO;11888;PARTIDO PROGRESSISTA;PP / PDT;545	
SILMARA CASTRO;65213;PARTIDO COMUNISTA DO BRASIL;PC do B;540	
JOABE;22456;PARTIDO DA REPUBLICA;PR / PV;534	
DR.ROBERTO WANDERLAN;43343;PARTIDO VERDE;PR / PV;534	
FRANCISCA SANTANA;25252;DEMOCRATAS;DEM;525	
CICERO SANTOS;70456;PARTIDO TRABALHISTA DO BRASIL;PSDC / PT do B;519	
ALVARO DO SHOPPING;44000;PARTIDO REPUBLICANO PROGRESSISTA;PRP / PSL / PHS;517	
ALBERTO SILVA;15456;PARTIDO DO MOVIMENTO DEMOCRATICO BRASILEIRO;PMDB;514	
ASSUNCAO;23654;PARTIDO POPULAR SOCIALISTA;PSC / PPS;513	
GERSON FONTES;36788;PARTIDO TRABALHISTA CRISTAO;PTN / PTC;507	
DR. ROBERTO MELADO;43555;PARTIDO VERDE;PR / PV;506	
SGT.CARLOS;19000;PARTIDO TRABALHISTA NACIONAL;PTN / PTC;506	
JOTAO;65333;PARTIDO COMUNISTA DO BRASIL;PC do B;499	
FRANCISCO LOPES;27852;PARTIDO SOCIAL DEMOCRATA CRISTAO;PSDC / PT do B;495	
JOSELITO DO KARATE;54777;PARTIDO PATRIA LIVRE;PTB / PRTB / PPL;491	
ROGERIO CARDOSO;65110;PARTIDO COMUNISTA DO BRASIL;PC do B;485	
LAECIO BORGES;44123;PARTIDO REPUBLICANO PROGRESSISTA;PRP / PSL / PHS;482	
JAILTON SAMPAIO - JAJA;43123;PARTIDO VERDE;PR / PV;481	
ANTONIO JOSE SARGENTO GEREBA;23133;PARTIDO POPULAR SOCIALISTA;PSC / PPS;473	
PROFESSOR ALVARO MOREIRA;36361;PARTIDO TRABALHISTA CRISTAO;PTN / PTC;469	
EVALDO LIMA;70256;PARTIDO TRABALHISTA DO BRASIL;PSDC / PT do B;467	
NUBIA SAMPAIO;70117;PARTIDO TRABALHISTA DO BRASIL;PSDC / PT do B;464	
LETICIA CAMPOS;16456;PARTIDO SOCIALISTA DOS TRABALHADORES UNIFICADO;PSTU;457	
ASCANIO SAVIO;23233;PARTIDO POPULAR SOCIALISTA;PSC / PPS;456	
BONFIM;36300;PARTIDO TRABALHISTA CRISTAO;PTN / PTC;454	
ROBERTO LIMA;27222;PARTIDO SOCIAL DEMOCRATA CRISTAO;PSDC / PT do B;440	
PROF.CICERO;19333;PARTIDO TRABALHISTA NACIONAL;PTN / PTC;440	
TOIM DU FRANGO;45177;PARTIDO DA SOCIAL DEMOCRACIA BRASILEIRA;PSDB / PSD;431	
MELK SILVA;17010;PARTIDO SOCIAL LIBERAL;PRP / PSL / PHS;428	
ADAILTON PACHECO;23112;PARTIDO POPULAR SOCIALISTA;PSC / PPS;428	
ALEXANDRE SA;43000;PARTIDO VERDE;PR / PV;418	
HEMERSON DANIEL;11236;PARTIDO PROGRESSISTA;PP / PDT;414	
RONDINELE SANTOS;13123;PARTIDO DOS TRABALHADORES;PT;412	
MENDES;13688;PARTIDO DOS TRABALHADORES;PT;412	
CAIADO;19555;PARTIDO TRABALHISTA NACIONAL;PTN / PTC;408	
GARRINCHA;14111;PARTIDO TRABALHISTA BRASILEIRO;PTB / PRTB / PPL;403	
MARCOS FERNANDES;16160;PARTIDO SOCIALISTA DOS TRABALHADORES UNIFICADO;PSTU;401	
IRMAO MARREIRA;25555;DEMOCRATAS;DEM;397	
GARDENIA ALBUQUERQUE;23678;PARTIDO POPULAR SOCIALISTA;PSC / PPS;395	
AIRTON MARTINS;65432;PARTIDO COMUNISTA DO BRASIL;PC do B;394	
IRMAO JESUS;43233;PARTIDO VERDE;PR / PV;390	
ERNANI UCHOA;13013;PARTIDO DOS TRABALHADORES;PT;384	
GERALDIN;27147;PARTIDO SOCIAL DEMOCRATA CRISTAO;PSDC / PT do B;380	
GILVAN KBCAO;27000;PARTIDO SOCIAL DEMOCRATA CRISTAO;PSDC / PT do B;379	
DR.ROBERTO SILVA;17777;PARTIDO SOCIAL LIBERAL;PRP / PSL / PHS;374	
JOSIMAR;40234;PARTIDO SOCIALISTA BRASILEIRO;PRB / PMN / PSB;374	
TERESA BRITTO;43333;PARTIDO VERDE;PR / PV;6237	
PROFESSOR ANTONIO;25111;DEMOCRATAS;DEM;371	
NAZARE TRINDADE;13122;PARTIDO DOS TRABALHADORES;PT;367	
QUEM QUEM;14563;PARTIDO TRABALHISTA BRASILEIRO;PTB / PRTB / PPL;367	
LEONARDO MAIA;16123;PARTIDO SOCIALISTA DOS TRABALHADORES UNIFICADO;PSTU;357	
CLAUDETE MIRANDA;40999;PARTIDO SOCIALISTA BRASILEIRO;PRB / PMN / PSB;356	
TERESINHA GOMES;14234;PARTIDO TRABALHISTA BRASILEIRO;PTB / PRTB / PPL;356	
PESSOA;31333;PARTIDO HUMANISTA DA SOLIDARIEDADE;PRP / PSL / PHS;353	
IRMAO CARLOS TELES;44147;PARTIDO REPUBLICANO PROGRESSISTA;PRP / PSL / PHS;351	
ANDRE ALISON;15015;PARTIDO DO MOVIMENTO DEMOCRATICO BRASILEIRO;PMDB;350	
IVALDO PESCADOR;36000;PARTIDO TRABALHISTA CRISTAO;PTN / PTC;350	
DELEGADO JORGINHO;40258;PARTIDO SOCIALISTA BRASILEIRO;PRB / PMN / PSB;349	
ODAILTON MASCARENHA;36666;PARTIDO TRABALHISTA CRISTAO;PTN / PTC;346	
GABRIEL MACHADO;43140;PARTIDO VERDE;PR / PV;343	
EDU AGUIAR;45145;PARTIDO DA SOCIAL DEMOCRACIA BRASILEIRA;PSDB / PSD;339	
PROF. CARLA SOARES;10000;PARTIDO REPUBLICANO BRASILEIRO;PRB / PMN / PSB;338	
GILBERTO QUEIROZ;44567;PARTIDO REPUBLICANO PROGRESSISTA;PRP / PSL / PHS;334	
TERESINHA MARQUES;23002;PARTIDO POPULAR SOCIALISTA;PSC / PPS;332	
IRMAO GILVAN;14007;PARTIDO TRABALHISTA BRASILEIRO;PTB / PRTB / PPL;330	
RIBAMAR RODRIGUES;21021;PARTIDO COMUNISTA BRASILEIRO;PCB / PCO;330	
GERSON LEAL;23155;PARTIDO POPULAR SOCIALISTA;PSC / PPS;330	
ROBERTO QUADROS;28333;PARTIDO RENOVADOR TRABALHISTA BRASILEIRO;PTB / PRTB / PPL;326	
WILSON SAPATEIRO;23344;PARTIDO POPULAR SOCIALISTA;PSC / PPS;322	
RIBAMAR	MEU LINDO;54321;PARTIDO PATRIA LIVRE;PTB / PRTB / PPL;320
JOEL VIANA;11345;PARTIDO PROGRESSISTA;PP / PDT;319	
GONZAGA;23800;PARTIDO POPULAR SOCIALISTA;PSC / PPS;317	
GERVASIO MEDEIROS;70007;PARTIDO TRABALHISTA DO BRASIL;PSDC / PT do B;317	
CLEITON MATIAS;19190;PARTIDO TRABALHISTA NACIONAL;PTN / PTC;315	
STEIFEL;23337;PARTIDO POPULAR SOCIALISTA;PSC / PPS;315	
MARCIO ROBERTO;31777;PARTIDO HUMANISTA DA SOLIDARIEDADE;PRP / PSL / PHS;307	
AGRICOLA NETO;54654;PARTIDO PATRIA LIVRE;PTB / PRTB / PPL;302	
PROFª ELZA FREIRE;44544;PARTIDO REPUBLICANO PROGRESSISTA;PRP / PSL / PHS;298	
DR. CLAUDIO;20111;PARTIDO SOCIAL CRISTAO;PSC / PPS;297	
ORGARINA;11113;PARTIDO PROGRESSISTA;PP / PDT;296	
ADEMILDE NOBREGA;14140;PARTIDO TRABALHISTA BRASILEIRO;PTB / PRTB / PPL;285	
THIAGO MARQUES;28111;PARTIDO RENOVADOR TRABALHISTA BRASILEIRO;PTB / PRTB / PPL;284	
ZE NETO;33400;PARTIDO DA MOBILIZACAO NACIONAL;PRB / PMN / PSB;283	
ZEZINHO DA METALUGICA;70444;PARTIDO TRABALHISTA DO BRASIL;PSDC / PT do B;277	
ORLANDO MATIAS;11123;PARTIDO PROGRESSISTA;PP / PDT;277	
EDUARDO COELHO;33333;PARTIDO DA MOBILIZACAO NACIONAL;PRB / PMN / PSB;271	
JOSE RODRIGUES;21000;PARTIDO COMUNISTA BRASILEIRO;PCB / PCO;270	
ALBERT PIAUI;65444;PARTIDO COMUNISTA DO BRASIL;PC do B;266	
EDINA CRUZ;27777;PARTIDO SOCIAL DEMOCRATA CRISTAO;PSDC / PT do B;266	
ANTONIO CARLOS DO PTN;19222;PARTIDO TRABALHISTA NACIONAL;PTN / PTC;266	
ANTONIO CARLOS;70347;PARTIDO TRABALHISTA DO BRASIL;PSDC / PT do B;265	
ISAU ARAUJO;23258;PARTIDO POPULAR SOCIALISTA;PSC / PPS;263	
MARCIO;43690;PARTIDO VERDE;PR / PV;263	
XICAO;70800;PARTIDO TRABALHISTA DO BRASIL;PSDC / PT do B;263	
PR. ROBSON;36700;PARTIDO TRABALHISTA CRISTAO;PTN / PTC;263	
JUNIELSON;54555;PARTIDO PATRIA LIVRE;PTB / PRTB / PPL;262	
LUCIA;25280;DEMOCRATAS;DEM;261	
DIOMAR;70852;PARTIDO TRABALHISTA DO BRASIL;PSDC / PT do B;260	
FERNANDO PARQUE;45623;PARTIDO DA SOCIAL DEMOCRACIA BRASILEIRA;PSDB / PSD;260	
MARTINS;27567;PARTIDO SOCIAL DEMOCRATA CRISTAO;PSDC / PT do B;259	
KENYLSON LUSTOSA;65133;PARTIDO COMUNISTA DO BRASIL;PC do B;258	
WALTER WAQUIM;14999;PARTIDO TRABALHISTA BRASILEIRO;PTB / PRTB / PPL;257	
GREGORIO SANTOS;25640;DEMOCRATAS;DEM;253	
IRMAO ZEZINHO;10125;PARTIDO REPUBLICANO BRASILEIRO;PRB / PMN / PSB;252	
SOCORRINHA;45622;PARTIDO DA SOCIAL DEMOCRACIA BRASILEIRA;PSDB / PSD;252	
CORONEL RENATO;43190;PARTIDO VERDE;PR / PV;250	
OSVALDO(COMERCIANTE);43573;PARTIDO VERDE;PR / PV;248	
SAMANTHA BRASIL;25124;DEMOCRATAS;DEM;246	
ALICE ANDRADE;43143;PARTIDO VERDE;PR / PV;245	
NETO DA MEIO NORTE;25500;DEMOCRATAS;DEM;243	
JOAO JUVENAL;44666;PARTIDO REPUBLICANO PROGRESSISTA;PRP / PSL / PHS;238	
TENENTE ALBERTO;43210;PARTIDO VERDE;PR / PV;234	
MAJOR AVELAR;17123;PARTIDO SOCIAL LIBERAL;PRP / PSL / PHS;233	
TONHAO;54054;PARTIDO PATRIA LIVRE;PTB / PRTB / PPL;230	
FATIMA BRITO;25222;DEMOCRATAS;DEM;226	
LUIZ CARLOS SOBRINHO;11580;PARTIDO PROGRESSISTA;PP / PDT;225	
CORONEL BENTO;31190;PARTIDO HUMANISTA DA SOLIDARIEDADE;PRP / PSL / PHS;222	
CLEITON;25200;DEMOCRATAS;DEM;221	
EGNALDO O HOMEM DO GAS;25133;DEMOCRATAS;DEM;220	
FABIO BENTO;54545;PARTIDO PATRIA LIVRE;PTB / PRTB / PPL;218	
CLEVES ALENCAR;13150;PARTIDO DOS TRABALHADORES;PT;218	
PROFESSOR JOSE ALBERTO NUNES;11221;PARTIDO PROGRESSISTA;PP / PDT;217	
MASKOTY;11777;PARTIDO PROGRESSISTA;PP / PDT;217	
MARLENE;65122;PARTIDO COMUNISTA DO BRASIL;PC do B;214	
RITA LEANDRO;25890;DEMOCRATAS;DEM;211	
VICENTE FILHO;65211;PARTIDO COMUNISTA DO BRASIL;PC do B;210	
BARROSO;70896;PARTIDO TRABALHISTA DO BRASIL;PSDC / PT do B;209	
ESPEDITO FILHO;22123;PARTIDO DA REPUBLICA;PR / PV;208	
CLEONILSON COSTA;55122;PARTIDO SOCIAL DEMOCRATICO;PSDB / PSD;205	
PROF RAIMUNDO;17234;PARTIDO SOCIAL LIBERAL;PRP / PSL / PHS;204	
IDERLENE CAMPOS;55133;PARTIDO SOCIAL DEMOCRATICO;PSDB / PSD;202	
MARCEONE RODRIGUES;65236;PARTIDO COMUNISTA DO BRASIL;PC do B;202	
MARINHEIRO;10101;PARTIDO REPUBLICANO BRASILEIRO;PRB / PMN / PSB;197	
JOSE ALBERTO;23023;PARTIDO POPULAR SOCIALISTA;PSC / PPS;197	
IRIS OLIVEIRA;11444;PARTIDO PROGRESSISTA;PP / PDT;195	
LUCAS PAES LANDIM;36200;PARTIDO TRABALHISTA CRISTAO;PTN / PTC;194	
JULIO CESAR;44190;PARTIDO REPUBLICANO PROGRESSISTA;PRP / PSL / PHS;193	
HE-MAN;27800;PARTIDO SOCIAL DEMOCRATA CRISTAO;PSDC / PT do B;190	
SOARES S.O.S;25192;DEMOCRATAS;DEM;187	
HELI JAIRO;70369;PARTIDO TRABALHISTA DO BRASIL;PSDC / PT do B;186	
VALMIR SOUSA;15333;PARTIDO DO MOVIMENTO DEMOCRATICO BRASILEIRO;PMDB;185	
ANISIO ROCHA;14122;PARTIDO TRABALHISTA BRASILEIRO;PTB / PRTB / PPL;185	
MARIA ZILDA;25456;DEMOCRATAS;DEM;183	
RONALDO MENDES;23999;PARTIDO POPULAR SOCIALISTA;PSC / PPS;180	
FLOR DE MAIO;31312;PARTIDO HUMANISTA DA SOLIDARIEDADE;PRP / PSL / PHS;177	
ROSANGELA COSTA;13222;PARTIDO DOS TRABALHADORES;PT;175	
ELIANA LEITE;20222;PARTIDO SOCIAL CRISTAO;PSC / PPS;174	
SEBASTIANA PEREIRA;43213;PARTIDO VERDE;PR / PV;173	
VICENTE QUEIROZ;43002;PARTIDO VERDE;PR / PV;170	
PROFESSOR JOAO BATISTA;25433;DEMOCRATAS;DEM;168	
PROFESSOR IRAL;25256;DEMOCRATAS;DEM;166	
MARINEIDE ALBUQUERQUE;50123;PARTIDO SOCIALISMO E LIBERDADE;PSOL;165	
PELA EGUA;14000;PARTIDO TRABALHISTA BRASILEIRO;PTB / PRTB / PPL;165	
BAIANO;15789;PARTIDO DO MOVIMENTO DEMOCRATICO BRASILEIRO;PMDB;164	
ROBERTO QUEIROZ;54333;PARTIDO PATRIA LIVRE;PTB / PRTB / PPL;164	
CICERO GOMES;33331;PARTIDO DA MOBILIZACAO NACIONAL;PRB / PMN / PSB;164	
ANTÔNIO TORTO;23910;PARTIDO POPULAR SOCIALISTA;PSC / PPS;163	
SHEYLA MORENO;14222;PARTIDO TRABALHISTA BRASILEIRO;PTB / PRTB / PPL;161	
REJANE MOTA;50000;PARTIDO SOCIALISMO E LIBERDADE;PSOL;161	
SANDRO KNIGHT;27555;PARTIDO SOCIAL DEMOCRATA CRISTAO;PSDC / PT do B;157	
JAIRZINHO;23259;PARTIDO POPULAR SOCIALISTA;PSC / PPS;157	
XHICO GOMES;54000;PARTIDO PATRIA LIVRE;PTB / PRTB / PPL;157	
ROSARIO LEAO;25244;DEMOCRATAS;DEM;156	
ANTONIO ALVES;43553;PARTIDO VERDE;PR / PV;154	
RAIMUNDO NONATO;40100;PARTIDO SOCIALISTA BRASILEIRO;PRB / PMN / PSB;149	
EDILSON LIMA;25333;DEMOCRATAS;DEM;148	
TATILA FREITAS;11258;PARTIDO PROGRESSISTA;PP / PDT;147	
ERICA QUEIROZ;11225;PARTIDO PROGRESSISTA;PP / PDT;146	
JORGINHO DA FORCA;54111;PARTIDO PATRIA LIVRE;PTB / PRTB / PPL;143	
CHICO ANANIAS;23666;PARTIDO POPULAR SOCIALISTA;PSC / PPS;143	
PROFESSOR GIVA;33313;PARTIDO DA MOBILIZACAO NACIONAL;PRB / PMN / PSB;143	
DR. LEONARDO;70070;PARTIDO TRABALHISTA DO BRASIL;PSDC / PT do B;142	
MOSQUITAO;50300;PARTIDO SOCIALISMO E LIBERDADE;PSOL;141	
GRACA COSTA;65000;PARTIDO COMUNISTA DO BRASIL;PC do B;141	
RAIMUNDINHO DA SANTA BARBARA;70870;PARTIDO TRABALHISTA DO BRASIL;PSDC / PT do B;139	
SERGIO RUFINO;65666;PARTIDO COMUNISTA DO BRASIL;PC do B;134	
BAIXINHO DA VILA OPERARIA;23334;PARTIDO POPULAR SOCIALISTA;PSC / PPS;134	
PROFESSOR EMERSON;70349;PARTIDO TRABALHISTA DO BRASIL;PSDC / PT do B;133	
COBRA CHOCA;20555;PARTIDO SOCIAL CRISTAO;PSC / PPS;131	
MARCOS MARTINS;44111;PARTIDO REPUBLICANO PROGRESSISTA;PRP / PSL / PHS;131	
FRANCISCO - TCHESCO;28777;PARTIDO RENOVADOR TRABALHISTA BRASILEIRO;PTB / PRTB / PPL;130	
SILVIO SUDARIO;28666;PARTIDO RENOVADOR TRABALHISTA BRASILEIRO;PTB / PRTB / PPL;130	
MICHELLE REGO;43115;PARTIDO VERDE;PR / PV;130	
GERALDO MAGELA;65656;PARTIDO COMUNISTA DO BRASIL;PC do B;129	
FATIMA ZUMBI;36321;PARTIDO TRABALHISTA CRISTAO;PTN / PTC;129	
JOSE MOURA GOMES (DR. MOURA);13555;PARTIDO DOS TRABALHADORES;PT;129	
ANA GALIZA;11199;PARTIDO PROGRESSISTA;PP / PDT;128	
IRMA JESUS;45688;PARTIDO DA SOCIAL DEMOCRACIA BRASILEIRA;PSDB / PSD;127	
PROF: RIBAMAR;43007;PARTIDO VERDE;PR / PV;126	
EDIMAR;65112;PARTIDO COMUNISTA DO BRASIL;PC do B;123	
EMANOEL ARAUJO;65777;PARTIDO COMUNISTA DO BRASIL;PC do B;122	
PROFESSORA ELIENE COSTA;23457;PARTIDO POPULAR SOCIALISTA;PSC / PPS;122	
MANOEL MESSIAS;65111;PARTIDO COMUNISTA DO BRASIL;PC do B;122	
PRETINHA;25125;DEMOCRATAS;DEM;121	
CANDIDO LIMA;14456;PARTIDO TRABALHISTA BRASILEIRO;PTB / PRTB / PPL;121	
PAULO HENRIQUE;11233;PARTIDO PROGRESSISTA;PP / PDT;121	
LUCAS LEITAO;50333;PARTIDO SOCIALISMO E LIBERDADE;PSOL;121	
IONADSON MARQUES;31111;PARTIDO HUMANISTA DA SOLIDARIEDADE;PRP / PSL / PHS;121	
TANIA MARA;70233;PARTIDO TRABALHISTA DO BRASIL;PSDC / PT do B;119	
FABIO JUNIOR;43224;PARTIDO VERDE;PR / PV;118	
LORINHO TAXISTA;70333;PARTIDO TRABALHISTA DO BRASIL;PSDC / PT do B;118	
PROF: LOPES;43133;PARTIDO VERDE;PR / PV;117	
CARLOS SILVA;12123;PARTIDO DEMOCRATICO TRABALHISTA;PP / PDT;117	
ETEVAN;31567;PARTIDO HUMANISTA DA SOLIDARIEDADE;PRP / PSL / PHS;117	
SANATIEL;25100;DEMOCRATAS;DEM;117	
CELSO RODRIGUES;31200;PARTIDO HUMANISTA DA SOLIDARIEDADE;PRP / PSL / PHS;116	
JULIANE CHAVES;70777;PARTIDO TRABALHISTA DO BRASIL;PSDC / PT do B;116	
REMEDIO MELO;43443;PARTIDO VERDE;PR / PV;113	
MARIA ELIZABETE;43013;PARTIDO VERDE;PR / PV;93	
REINALDO;65065;PARTIDO COMUNISTA DO BRASIL;PC do B;92	
ANTONIO CARVALHO;70699;PARTIDO TRABALHISTA DO BRASIL;PSDC / PT do B;92	
PENINHA;27333;PARTIDO SOCIAL DEMOCRATA CRISTAO;PSDC / PT do B;91	
ARAUJO;43900;PARTIDO VERDE;PR / PV;89	
MAURO GOMES;54580;PARTIDO PATRIA LIVRE;PTB / PRTB / PPL;89	
LINDINHA;14777;PARTIDO TRABALHISTA BRASILEIRO;PTB / PRTB / PPL;89	
FILINTRO;25670;DEMOCRATAS;DEM;87	
LIMA CAMPOS;44178;PARTIDO REPUBLICANO PROGRESSISTA;PRP / PSL / PHS;87	
JESUS DA VILA;36134;PARTIDO TRABALHISTA CRISTAO;PTN / PTC;86	
NONATO ROCHA;27001;PARTIDO SOCIAL DEMOCRATA CRISTAO;PSDC / PT do B;86	
JEOVAH FILHO;19234;PARTIDO TRABALHISTA NACIONAL;PTN / PTC;86	
BALALAO;25000;DEMOCRATAS;DEM;85	
JOAO HENRIQUE;19456;PARTIDO TRABALHISTA NACIONAL;PTN / PTC;85	
ANTONIA MARIA;43222;PARTIDO VERDE;PR / PV;84	
MENDES DO PT DO B;70845;PARTIDO TRABALHISTA DO BRASIL;PSDC / PT do B;84	
THANIS KILLIAN;36157;PARTIDO TRABALHISTA CRISTAO;PTN / PTC;84	
CARLOS LOPES;43122;PARTIDO VERDE;PR / PV;83	
JANDAIA;13513;PARTIDO DOS TRABALHADORES;PT;83	
CHIQUINHA;55256;PARTIDO SOCIAL DEMOCRATICO;PSDB / PSD;82	
SYLVAN;17700;PARTIDO SOCIAL LIBERAL;PRP / PSL / PHS;82	
WILAMY HIDD;36026;PARTIDO TRABALHISTA CRISTAO;PTN / PTC;82	
ZENON;23567;PARTIDO POPULAR SOCIALISTA;PSC / PPS;81	
ELISANGELA;25522;DEMOCRATAS;DEM;80	
PANCADAO SAMURAI;44007;PARTIDO REPUBLICANO PROGRESSISTA;PRP / PSL / PHS;80	
JOAO NOLETO;44144;PARTIDO REPUBLICANO PROGRESSISTA;PRP / PSL / PHS;79	
THIAGO SAMPAIO;28222;PARTIDO RENOVADOR TRABALHISTA BRASILEIRO;PTB / PRTB / PPL;78	
MARIA DA LUZ;70246;PARTIDO TRABALHISTA DO BRASIL;PSDC / PT do B;77	
LUIS ROSA;31234;PARTIDO HUMANISTA DA SOLIDARIEDADE;PRP / PSL / PHS;77	
CLOVES JOSE;29029;PARTIDO DA CAUSA OPERARIA;PCB / PCO;77	
JANAINA FLORINDA;65999;PARTIDO COMUNISTA DO BRASIL;PC do B;75	
NAYRA LIMA;15132;PARTIDO DO MOVIMENTO DEMOCRATICO BRASILEIRO;PMDB;75	
GERSON;21777;PARTIDO COMUNISTA BRASILEIRO;PCB / PCO;74	
IRMA IRACEMA GOMES;36601;PARTIDO TRABALHISTA CRISTAO;PTN / PTC;74	
ADELIO MARTESSO;12456;PARTIDO DEMOCRATICO TRABALHISTA;PP / PDT;74	
JERONIMO SA;54888;PARTIDO PATRIA LIVRE;PTB / PRTB / PPL;74	
HONORINO NETO;11211;PARTIDO PROGRESSISTA;PP / PDT;73	
CACIQUE;12122;PARTIDO DEMOCRATICO TRABALHISTA;PP / PDT;72	
ANTONIO DE DEUS;40001;PARTIDO SOCIALISTA BRASILEIRO;PRB / PMN / PSB;72	
VERA LUCIA;45245;PARTIDO DA SOCIAL DEMOCRACIA BRASILEIRA;PSDB / PSD;71	
DEUSIMAR;54222;PARTIDO PATRIA LIVRE;PTB / PRTB / PPL;70	
EUDA MARIA;14258;PARTIDO TRABALHISTA BRASILEIRO;PTB / PRTB / PPL;70	
EDILSON SOM;21123;PARTIDO COMUNISTA BRASILEIRO;PCB / PCO;70	
JESUS;22613;PARTIDO DA REPUBLICA;PR / PV;69	
PAULO SALAO;31032;PARTIDO HUMANISTA DA SOLIDARIEDADE;PRP / PSL / PHS;68	
ALEXANDRE;11122;PARTIDO PROGRESSISTA;PP / PDT;67	
CARMINHA BOLEIRA;27008;PARTIDO SOCIAL DEMOCRATA CRISTAO;PSDC / PT do B;66	
KATYA CASTRO;70159;PARTIDO TRABALHISTA DO BRASIL;PSDC / PT do B;66	
FRED SHAS;10110;PARTIDO REPUBLICANO BRASILEIRO;PRB / PMN / PSB;66	
PROF. RAIMUNDO;45128;PARTIDO DA SOCIAL DEMOCRACIA BRASILEIRA;PSDB / PSD;65	
OTILIA;25888;DEMOCRATAS;DEM;64	
SARAIVA;15147;PARTIDO DO MOVIMENTO DEMOCRATICO BRASILEIRO;PMDB;64	
FRANCY;43111;PARTIDO VERDE;PR / PV;62	
LUIZ CARLOS DE OLIVEIRA;40400;PARTIDO SOCIALISTA BRASILEIRO;PRB / PMN / PSB;62	
CLEIDE;25666;DEMOCRATAS;DEM;61	
JULIANA LOPES;13556;PARTIDO DOS TRABALHADORES;PT;60	
ADAILSON OLIVEIRA;45678;PARTIDO DA SOCIAL DEMOCRACIA BRASILEIRA;PSDB / PSD;58	
JOAO RODRIGUES;43666;PARTIDO VERDE;PR / PV;57	
BORGES;11789;PARTIDO PROGRESSISTA;PP / PDT;57	
BARBOSA NETO;25444;DEMOCRATAS;DEM;55	
ANTONIA FEITOSA;44044;PARTIDO REPUBLICANO PROGRESSISTA;PRP / PSL / PHS;55	
GEEMAO;31456;PARTIDO HUMANISTA DA SOLIDARIEDADE;PRP / PSL / PHS;55	
ROSARIA VITORINO;44555;PARTIDO REPUBLICANO PROGRESSISTA;PRP / PSL / PHS;54	
TRINDADE;45113;PARTIDO DA SOCIAL DEMOCRACIA BRASILEIRA;PSDB / PSD;54	
FRANCIEL;54444;PARTIDO PATRIA LIVRE;PTB / PRTB / PPL;53	
TATIANA MEDEIROS;54001;PARTIDO PATRIA LIVRE;PTB / PRTB / PPL;53	
PROFESSORA REGINA SEABRA;15888;PARTIDO DO MOVIMENTO DEMOCRATICO BRASILEIRO;PMDB;52	
JESUS MORORO;12567;PARTIDO DEMOCRATICO TRABALHISTA;PP / PDT;52	
SOLDADO ELISMARIO;10190;PARTIDO REPUBLICANO BRASILEIRO;PRB / PMN / PSB;52	
CATIRINA;44999;PARTIDO REPUBLICANO PROGRESSISTA;PRP / PSL / PHS;51	
MARCIO VALE;23000;PARTIDO POPULAR SOCIALISTA;PSC / PPS;50	
CARLOS AMORIM;70088;PARTIDO TRABALHISTA DO BRASIL;PSDC / PT do B;50	
VICENTE TAVARES;54678;PARTIDO PATRIA LIVRE;PTB / PRTB / PPL;49	
CONCEICAO SILVA;15555;PARTIDO DO MOVIMENTO DEMOCRATICO BRASILEIRO;PMDB;49	
CARLOS ALVES;36540;PARTIDO TRABALHISTA CRISTAO;PTN / PTC;48	
ELI;36173;PARTIDO TRABALHISTA CRISTAO;PTN / PTC;48	
HELIO MORAES;25147;DEMOCRATAS;DEM;47	
JOAQUIM SOUSA;25251;DEMOCRATAS;DEM;46	
PASTOR MACEDO;33456;PARTIDO DA MOBILIZACAO NACIONAL;PRB / PMN / PSB;46	
MARLENE SILVA;28444;PARTIDO RENOVADOR TRABALHISTA BRASILEIRO;PTB / PRTB / PPL;45	
NEY MAGNNO;25345;DEMOCRATAS;DEM;44	
HELIO MACAUBA;25633;DEMOCRATAS;DEM;44	
GABIGABRIELA;70700;PARTIDO TRABALHISTA DO BRASIL;PSDC / PT do B;43	
CARLINHOS VASSOURA;23445;PARTIDO POPULAR SOCIALISTA;PSC / PPS;43	
ANYELLE LIMA;23188;PARTIDO POPULAR SOCIALISTA;PSC / PPS;43	
MAURA ADAMO;10456;PARTIDO REPUBLICANO BRASILEIRO;PRB / PMN / PSB;41	
MANOEL CIRILO;10112;PARTIDO REPUBLICANO BRASILEIRO;PRB / PMN / PSB;41	
HEDILENE FERNANDES;36226;PARTIDO TRABALHISTA CRISTAO;PTN / PTC;41	
CATARINA LIMA;43234;PARTIDO VERDE;PR / PV;41	
FATIMA;65888;PARTIDO COMUNISTA DO BRASIL;PC do B;40	
ANDREA RESENDE;65099;PARTIDO COMUNISTA DO BRASIL;PC do B;39	
THIAGO REIS;43003;PARTIDO VERDE;PR / PV;38	
MANOEL DO GAS;43220;PARTIDO VERDE;PR / PV;37	
CONCEICAO PORTELA;36888;PARTIDO TRABALHISTA CRISTAO;PTN / PTC;35	
CELESTE FREITAS;22111;PARTIDO DA REPUBLICA;PR / PV;34	
SOCORRO ANDRADE;12555;PARTIDO DEMOCRATICO TRABALHISTA;PP / PDT;33	
FRANCISCO SILVA;17012;PARTIDO SOCIAL LIBERAL;PRP / PSL / PHS;31	
SEU MESSIAS;11115;PARTIDO PROGRESSISTA;PP / PDT;30	
ONITA MAGALHAES;22280;PARTIDO DA REPUBLICA;PR / PV;29	
EDMILSON TORRES;44556;PARTIDO REPUBLICANO PROGRESSISTA;PRP / PSL / PHS;28	
CARMELIO MACEDO;54190;PARTIDO PATRIA LIVRE;PTB / PRTB / PPL;27	
NATHU NERIS;10777;PARTIDO REPUBLICANO BRASILEIRO;PRB / PMN / PSB;25	
DR. ABREU;11156;PARTIDO PROGRESSISTA;PP / PDT;23	
JURACY SODRE;25255;DEMOCRATAS;DEM;20	
RUBENS COSTA;65090;PARTIDO COMUNISTA DO BRASIL;PC do B;20	
EVANDRO DE CARVALHO;55474;PARTIDO SOCIAL DEMOCRATICO;PSDB / PSD;19	
PE QUENTE;36255;PARTIDO TRABALHISTA CRISTAO;PTN / PTC;18	
ELIANE TEREZINHA;14888;PARTIDO TRABALHISTA BRASILEIRO;PTB / PRTB / PPL;18	
LAINE NARA;23251;PARTIDO POPULAR SOCIALISTA;PSC / PPS;16	
MARCELO WILLIAM;65100;PARTIDO COMUNISTA DO BRASIL;PC do B;16	
DEROCI;13424;PARTIDO DOS TRABALHADORES;PT;13	
MARGARIDA;70999;PARTIDO TRABALHISTA DO BRASIL;PSDC / PT do B;12	
MEBUR;43128;PARTIDO VERDE;PR / PV;11	
MIRA;13227;PARTIDO DOS TRABALHADORES;PT;10	
FAUSTO RIPARDO;21131;PARTIDO COMUNISTA BRASILEIRO;PCB / PCO;10	
MARIA NUNES;15444;PARTIDO DO MOVIMENTO DEMOCRATICO BRASILEIRO;PMDB;9	
RAVENA;12000;PARTIDO DEMOCRATICO TRABALHISTA;PP / PDT;9	
DALCILENE;70000;PARTIDO TRABALHISTA DO BRASIL;PSDC / PT do B;9	
ANA MARIA;36008;PARTIDO TRABALHISTA CRISTAO;PTN / PTC;8	
NILVANIA;17002;PARTIDO SOCIAL LIBERAL;PRP / PSL / PHS;8	
ANA PAULA MARTINS;33178;PARTIDO DA MOBILIZACAO NACIONAL;PRB / PMN / PSB;7	
WIILYANE DE MELO;33034;PARTIDO DA MOBILIZACAO NACIONAL;PRB / PMN / PSB;5	
HALLYSON FERREIRA;16161;PARTIDO SOCIALISTA DOS TRABALHADORES UNIFICADO;PSTU;5	
ROSANGELA GUALTER;40777;PARTIDO SOCIALISTA BRASILEIRO;PRB / PMN / PSB;5	
SOCORRO DA SILVA;22789;PARTIDO DA REPUBLICA;PR / PV;4	
MARIA DE FATIMA;10113;PARTIDO REPUBLICANO BRASILEIRO;PRB / PMN / PSB;4	
ANA ELIANA;23175;PARTIDO POPULAR SOCIALISTA;PSC / PPS;4	
ANANCI;45232;PARTIDO DA SOCIAL DEMOCRACIA BRASILEIRA;PSDB / PSD;4	
GERVASIO SANTOS;16163;PARTIDO SOCIALISTA DOS TRABALHADORES UNIFICADO;PSTU;3	
RAYNE;10117;PARTIDO REPUBLICANO BRASILEIRO;PRB / PMN / PSB;3	
DAVI;17888;PARTIDO SOCIAL LIBERAL;PRP / PSL / PHS;3	
SOCORRO SILVA;23869;PARTIDO POPULAR SOCIALISTA;PSC / PPS;3	
THAMYRIS;36001;PARTIDO TRABALHISTA CRISTAO;PTN / PTC;3	
ALINE MELO;44450;PARTIDO REPUBLICANO PROGRESSISTA;PRP / PSL / PHS;3	
TOINHA MUNDURI;28888;PARTIDO RENOVADOR TRABALHISTA BRASILEIRO;PTB / PRTB / PPL;3	
LUCIANA DE ARAUJO;21101;PARTIDO COMUNISTA BRASILEIRO;PCB / PCO;2	
MARA SENA DE AMORIM;10248;PARTIDO REPUBLICANO BRASILEIRO;PRB / PMN / PSB;2	
AMPARO;23170;PARTIDO POPULAR SOCIALISTA;PSC / PPS;2	
STEPHANO BATISTA;33123;PARTIDO DA MOBILIZACAO NACIONAL;PRB / PMN / PSB;2	
MARLENE ARAUJO;36010;PARTIDO TRABALHISTA CRISTAO;PTN / PTC;2	
MARIA DA LUZ PEREIRA;10213;PARTIDO REPUBLICANO BRASILEIRO;PRB / PMN / PSB;2	
DRA. ELISVANIA;17001;PARTIDO SOCIAL LIBERAL;PRP / PSL / PHS;2	
POLLYANNE LEAL;44800;PARTIDO REPUBLICANO PROGRESSISTA;PRP / PSL / PHS;1	
SILVANIA;40463;PARTIDO SOCIALISTA BRASILEIRO;PRB / PMN / PSB;1	
ROSANGELA VASCONCELOS;40409;PARTIDO SOCIALISTA BRASILEIRO;PRB / PMN / PSB;1	
FATIMA RAMOS;40200;PARTIDO SOCIALISTA BRASILEIRO;PRB / PMN / PSB;1	
ANA;44440;PARTIDO REPUBLICANO PROGRESSISTA;PRP / PSL / PHS;1	
DAYANA;45646;PARTIDO DA SOCIAL DEMOCRACIA BRASILEIRA;PSDB / PSD;1	
ROSICLEIA LEAL;44330;PARTIDO REPUBLICANO PROGRESSISTA;PRP / PSL / PHS;1	
ROSANGELA;15999;PARTIDO DO MOVIMENTO DEMOCRATICO BRASILEIRO;PMDB;1	
ZORAIA;44600;PARTIDO REPUBLICANO PROGRESSISTA;PRP / PSL / PHS;1	
JOSELIA;23001;PARTIDO POPULAR SOCIALISTA;PSC / PPS;1	
D. FRANCISCA;25900;DEMOCRATAS;DEM;1	
